{"cameraMode":{"drawMode":0,"name":"Shaded","section":"Shading Mode"},"sceneLighting":true,"audioPlay":false,"sceneViewState":{"showFog":true,"showMaterialUpdate":false,"showSkybox":true,"showFlares":true,"showImageEffects":true,"showParticleSystems":true},"in2DMode":false,"pivot":{"x":-13.20097541809082,"y":-8.616107940673829,"z":4.600847244262695},"rotation":{"x":0.18928450345993043,"y":-0.6574540734291077,"z":0.17583276331424714,"w":0.7078522443771362},"size":13.022601127624512,"orthographic":false}