{"cameraMode":{"drawMode":0,"name":"Shaded","section":"Shading Mode"},"sceneLighting":false,"audioPlay":false,"sceneViewState":{"showFog":true,"showMaterialUpdate":false,"showSkybox":false,"showFlares":true,"showImageEffects":true,"showParticleSystems":true},"in2DMode":false,"pivot":{"x":0.0,"y":-1.4149999618530274,"z":2.1800003051757814},"rotation":{"x":-0.036622341722249988,"y":0.9416068196296692,"z":-0.31654906272888186,"w":-0.1089562252163887},"size":11.195633888244629,"orthographic":false}